itemset,first_window,first_support,last_window,last_support,change
Natural Language Processing Techniques | Topic Modeling,2023,0.0424,2024,0.045,0.0026
Artificial Intelligence in Healthcare and Education | Machine Learning in Healthcare,2023,0.0169,2024,0.0195,0.0026
Machine Learning in Healthcare | Topic Modeling,2023,0.0141,2024,0.0162,0.0021
Energy Load and Power Forecasting | Solar Radiation and Photovoltaics,2023,0.0228,2024,0.0248,0.0019
Artificial Intelligence in Healthcare and Education | Explainable Artificial Intelligence (XAI),2023,0.0136,2024,0.0152,0.0016
AI in cancer detection | Brain Tumor Detection and Classification,2023,0.012,2024,0.0135,0.0015
AI in Service Interactions | Online Learning and Analytics,2023,0.0091,2024,0.0105,0.0015
AI in Service Interactions | Technology Adoption and User Behaviour,2023,0.0111,2024,0.0125,0.0014
Energy Load and Power Forecasting | Photovoltaic System Optimization Techniques | Solar Radiation and Photovoltaics,2023,0.0166,2024,0.0179,0.0013
AI in Service Interactions | Social Robot Interaction and HRI,2023,0.0146,2024,0.0158,0.0013
Energy Load and Power Forecasting | Photovoltaic System Optimization Techniques,2023,0.0166,2024,0.0179,0.0013
Explainable Artificial Intelligence (XAI) | Machine Learning in Healthcare,2023,0.0117,2024,0.0128,0.0012
Quantum Computing Algorithms and Architecture | Quantum Mechanics and Applications,2023,0.0188,2024,0.0199,0.0012
Artificial Intelligence in Healthcare and Education | Topic Modeling,2023,0.0132,2024,0.0143,0.0011
Quantum Computing Algorithms and Architecture | Quantum Information and Cryptography | Quantum Mechanics and Applications,2023,0.0181,2024,0.019,0.001
Anomaly Detection Techniques and Applications | Network Security and Intrusion Detection,2023,0.0236,2024,0.0245,0.0009
Intelligent Tutoring Systems and Adaptive Learning | Online Learning and Analytics,2023,0.0079,2024,0.0088,0.0009
Photovoltaic System Optimization Techniques | Solar Radiation and Photovoltaics,2023,0.0247,2024,0.0256,0.0009
AI in Service Interactions | Organizational and Employee Performance,2023,0.0052,2024,0.0061,0.0009
AI in Service Interactions | Ethics and Social Impacts of AI,2023,0.0109,2024,0.0118,0.0009
Artificial Intelligence in Healthcare and Education | Ethics and Social Impacts of AI,2023,0.006,2024,0.0069,0.0009
Anomaly Detection Techniques and Applications | Fault Detection and Control Systems,2023,0.0066,2024,0.0073,0.0008
AI in Service Interactions | Artificial Intelligence in Healthcare and Education,2023,0.0135,2024,0.0143,0.0008
Financial Distress and Bankruptcy Prediction | Imbalanced Data Classification Techniques,2023,0.0074,2024,0.008,0.0007
Biomedical Text Mining and Ontologies | Topic Modeling,2023,0.0057,2024,0.0063,0.0006
