itemset,k,support_count,n_tx,support
Quantum Computing Algorithms and Architecture | Quantum Information and Cryptography,2,662,9975,0.06636591478696742
Natural Language Processing Techniques | Topic Modeling,2,449,9975,0.0450125313283208
AI in cancer detection | Radiomics and Machine Learning in Medical Imaging,2,401,9975,0.040200501253132834
Cryptography and Data Security | Privacy-Preserving Technologies in Data,2,302,9975,0.030275689223057643
Photovoltaic System Optimization Techniques | Solar Radiation and Photovoltaics,2,255,9975,0.02556390977443609
Quantum Information and Cryptography | Quantum Mechanics and Applications,2,250,9975,0.02506265664160401
Energy Load and Power Forecasting | Solar Radiation and Photovoltaics,2,247,9975,0.024761904761904763
Anomaly Detection Techniques and Applications | Network Security and Intrusion Detection,2,244,9975,0.024461152882205513
Evolutionary Algorithms and Applications | Metaheuristic Optimization Algorithms Research,2,217,9975,0.02175438596491228
Quantum Computing Algorithms and Architecture | Quantum Mechanics and Applications,2,199,9975,0.01994987468671679
Artificial Intelligence in Healthcare and Education | Machine Learning in Healthcare,2,195,9975,0.019548872180451128
Quantum Computing Algorithms and Architecture | Quantum Information and Cryptography | Quantum Mechanics and Applications,3,190,9975,0.01904761904761905
Advanced Multi-Objective Optimization Algorithms | Metaheuristic Optimization Algorithms Research,2,188,9975,0.018847117794486216
AI in Service Interactions | Digital Marketing and Social Media,2,179,9975,0.017944862155388472
Energy Load and Power Forecasting | Photovoltaic System Optimization Techniques,2,179,9975,0.017944862155388472
Energy Load and Power Forecasting | Photovoltaic System Optimization Techniques | Solar Radiation and Photovoltaics,3,179,9975,0.017944862155388472
Advanced Text Analysis Techniques | Sentiment Analysis and Opinion Mining,2,169,9975,0.01694235588972431
Quantum Computing Algorithms and Architecture | Quantum and electron transport phenomena,2,166,9975,0.01664160401002506
Quantum Information and Cryptography | Quantum and electron transport phenomena,2,163,9975,0.016340852130325816
Machine Learning in Healthcare | Topic Modeling,2,162,9975,0.0162406015037594
AI in Service Interactions | Social Robot Interaction and HRI,2,158,9975,0.015839598997493733
Artificial Intelligence in Healthcare and Education | Explainable Artificial Intelligence (XAI),2,152,9975,0.015238095238095238
Sentiment Analysis and Opinion Mining | Topic Modeling,2,145,9975,0.014536340852130326
Quantum Computing Algorithms and Architecture | Quantum Information and Cryptography | Quantum and electron transport phenomena,3,143,9975,0.014335839598997493
Artificial Intelligence in Healthcare and Education | Topic Modeling,2,143,9975,0.014335839598997493
