author,collaborators,joint_papers
Andreas Bengtsson,27,115
Alejandro Grajales Dau,23,94
Brian Burkett,22,90
Hung-Shen Chang,22,90
Ilya Drozdov,19,76
Jonathan A. Gross,19,76
Leslie Flores Burgos,19,76
Abraham Asfaw,18,72
Joseph C. Bardin,18,72
M. Ansmann,18,72
Alexandre Bourassa,17,73
Frank Arute,17,68
Matthew P. Harrigan,17,68
Michael Broughton,17,68
Sean Demura,17,68
Steve Habegger,17,68
Agustín Di Paolo,16,64
Raja Gosula,16,64
Élie Genois,16,64
Ben Curtin,15,60
Brooks Foxen,15,60
Sean D. Harrington,15,60
Xuhao Zhu,13,59
Qiujiang Guo,12,55
Zehang Bao,12,55
